{"cameraMode":{"drawMode":0,"name":"Shaded","section":"Shading Mode"},"sceneLighting":true,"audioPlay":false,"sceneViewState":{"m_AlwaysRefresh":false,"showFog":true,"showSkybox":true,"showFlares":true,"showImageEffects":true,"showParticleSystems":true,"showVisualEffectGraphs":true,"m_FxEnabled":true},"in2DMode":false,"pivot":{"x":-4.072601318359375,"y":0.2720770835876465,"z":0.27732181549072268},"rotation":{"x":-0.357894629240036,"y":0.08999670296907425,"z":-0.034678950905799869,"w":-0.9287627935409546},"size":5.929175853729248,"orthographic":false}